--------------------------------------------------------
--  File creato - giovedì-febbraio-27-2020   
--------------------------------------------------------
--------------------------------------------------------
--  DDL for Table DATABASECHANGELOG
--------------------------------------------------------

  CREATE TABLE "RADICE"."DATABASECHANGELOG" 
   (	"ID" VARCHAR2(255 BYTE), 
	"AUTHOR" VARCHAR2(255 BYTE), 
	"FILENAME" VARCHAR2(255 BYTE), 
	"DATEEXECUTED" TIMESTAMP (6), 
	"ORDEREXECUTED" NUMBER(*,0), 
	"EXECTYPE" VARCHAR2(10 BYTE), 
	"MD5SUM" VARCHAR2(35 BYTE), 
	"DESCRIPTION" VARCHAR2(255 BYTE), 
	"COMMENTS" VARCHAR2(255 BYTE), 
	"TAG" VARCHAR2(255 BYTE), 
	"LIQUIBASE" VARCHAR2(20 BYTE), 
	"CONTEXTS" VARCHAR2(255 BYTE), 
	"LABELS" VARCHAR2(255 BYTE), 
	"DEPLOYMENT_ID" VARCHAR2(10 BYTE)
   ) SEGMENT CREATION IMMEDIATE 
  PCTFREE 10 PCTUSED 40 INITRANS 1 MAXTRANS 255 
 NOCOMPRESS LOGGING
  STORAGE(INITIAL 65536 NEXT 1048576 MINEXTENTS 1 MAXEXTENTS 2147483645
  PCTINCREASE 0 FREELISTS 1 FREELIST GROUPS 1
  BUFFER_POOL DEFAULT FLASH_CACHE DEFAULT CELL_FLASH_CACHE DEFAULT)
  TABLESPACE "SYSTEM" ;
--------------------------------------------------------
--  DDL for Table DATABASECHANGELOGLOCK
--------------------------------------------------------

  CREATE TABLE "RADICE"."DATABASECHANGELOGLOCK" 
   (	"ID" NUMBER(*,0), 
	"LOCKED" NUMBER(1,0), 
	"LOCKGRANTED" TIMESTAMP (6), 
	"LOCKEDBY" VARCHAR2(255 BYTE)
   ) SEGMENT CREATION IMMEDIATE 
  PCTFREE 10 PCTUSED 40 INITRANS 1 MAXTRANS 255 
 NOCOMPRESS LOGGING
  STORAGE(INITIAL 65536 NEXT 1048576 MINEXTENTS 1 MAXEXTENTS 2147483645
  PCTINCREASE 0 FREELISTS 1 FREELIST GROUPS 1
  BUFFER_POOL DEFAULT FLASH_CACHE DEFAULT CELL_FLASH_CACHE DEFAULT)
  TABLESPACE "SYSTEM" ;
--------------------------------------------------------
--  DDL for Table JHI_AUTHORITY
--------------------------------------------------------

  CREATE TABLE "RADICE"."JHI_AUTHORITY" 
   (	"NAME" VARCHAR2(50 BYTE)
   ) SEGMENT CREATION IMMEDIATE 
  PCTFREE 10 PCTUSED 40 INITRANS 1 MAXTRANS 255 
 NOCOMPRESS LOGGING
  STORAGE(INITIAL 65536 NEXT 1048576 MINEXTENTS 1 MAXEXTENTS 2147483645
  PCTINCREASE 0 FREELISTS 1 FREELIST GROUPS 1
  BUFFER_POOL DEFAULT FLASH_CACHE DEFAULT CELL_FLASH_CACHE DEFAULT)
  TABLESPACE "SYSTEM" ;
--------------------------------------------------------
--  DDL for Table JHI_PERSISTENT_AUDIT_EVENT
--------------------------------------------------------

  CREATE TABLE "RADICE"."JHI_PERSISTENT_AUDIT_EVENT" 
   (	"EVENT_ID" NUMBER(38,0), 
	"PRINCIPAL" VARCHAR2(50 BYTE), 
	"EVENT_DATE" TIMESTAMP (6), 
	"EVENT_TYPE" VARCHAR2(255 BYTE)
   ) SEGMENT CREATION IMMEDIATE 
  PCTFREE 10 PCTUSED 40 INITRANS 1 MAXTRANS 255 
 NOCOMPRESS LOGGING
  STORAGE(INITIAL 65536 NEXT 1048576 MINEXTENTS 1 MAXEXTENTS 2147483645
  PCTINCREASE 0 FREELISTS 1 FREELIST GROUPS 1
  BUFFER_POOL DEFAULT FLASH_CACHE DEFAULT CELL_FLASH_CACHE DEFAULT)
  TABLESPACE "SYSTEM" ;
--------------------------------------------------------
--  DDL for Table JHI_PERSISTENT_AUDIT_EVT_DATA
--------------------------------------------------------

  CREATE TABLE "RADICE"."JHI_PERSISTENT_AUDIT_EVT_DATA" 
   (	"EVENT_ID" NUMBER(38,0), 
	"NAME" VARCHAR2(150 BYTE), 
	"VALUE" VARCHAR2(255 BYTE)
   ) SEGMENT CREATION IMMEDIATE 
  PCTFREE 10 PCTUSED 40 INITRANS 1 MAXTRANS 255 
 NOCOMPRESS LOGGING
  STORAGE(INITIAL 65536 NEXT 1048576 MINEXTENTS 1 MAXEXTENTS 2147483645
  PCTINCREASE 0 FREELISTS 1 FREELIST GROUPS 1
  BUFFER_POOL DEFAULT FLASH_CACHE DEFAULT CELL_FLASH_CACHE DEFAULT)
  TABLESPACE "SYSTEM" ;
--------------------------------------------------------
--  DDL for Table JHI_USER
--------------------------------------------------------

  CREATE TABLE "RADICE"."JHI_USER" 
   (	"ID" NUMBER(38,0), 
	"LOGIN" VARCHAR2(50 BYTE), 
	"PASSWORD_HASH" VARCHAR2(60 BYTE), 
	"FIRST_NAME" VARCHAR2(50 BYTE), 
	"LAST_NAME" VARCHAR2(50 BYTE), 
	"EMAIL" VARCHAR2(254 BYTE), 
	"IMAGE_URL" VARCHAR2(256 BYTE), 
	"ACTIVATED" NUMBER(1,0), 
	"LANG_KEY" VARCHAR2(6 BYTE), 
	"ACTIVATION_KEY" VARCHAR2(20 BYTE), 
	"RESET_KEY" VARCHAR2(20 BYTE), 
	"CREATED_BY" VARCHAR2(50 BYTE), 
	"CREATED_DATE" TIMESTAMP (6) DEFAULT NULL, 
	"RESET_DATE" TIMESTAMP (6), 
	"LAST_MODIFIED_BY" VARCHAR2(50 BYTE), 
	"LAST_MODIFIED_DATE" TIMESTAMP (6)
   ) SEGMENT CREATION IMMEDIATE 
  PCTFREE 10 PCTUSED 40 INITRANS 1 MAXTRANS 255 
 NOCOMPRESS LOGGING
  STORAGE(INITIAL 65536 NEXT 1048576 MINEXTENTS 1 MAXEXTENTS 2147483645
  PCTINCREASE 0 FREELISTS 1 FREELIST GROUPS 1
  BUFFER_POOL DEFAULT FLASH_CACHE DEFAULT CELL_FLASH_CACHE DEFAULT)
  TABLESPACE "SYSTEM" ;
--------------------------------------------------------
--  DDL for Table JHI_USER_AUTHORITY
--------------------------------------------------------

  CREATE TABLE "RADICE"."JHI_USER_AUTHORITY" 
   (	"USER_ID" NUMBER(38,0), 
	"AUTHORITY_NAME" VARCHAR2(50 BYTE)
   ) SEGMENT CREATION IMMEDIATE 
  PCTFREE 10 PCTUSED 40 INITRANS 1 MAXTRANS 255 
 NOCOMPRESS LOGGING
  STORAGE(INITIAL 65536 NEXT 1048576 MINEXTENTS 1 MAXEXTENTS 2147483645
  PCTINCREASE 0 FREELISTS 1 FREELIST GROUPS 1
  BUFFER_POOL DEFAULT FLASH_CACHE DEFAULT CELL_FLASH_CACHE DEFAULT)
  TABLESPACE "SYSTEM" ;
REM INSERTING into RADICE.DATABASECHANGELOG
SET DEFINE OFF;
Insert into RADICE.DATABASECHANGELOG (ID,AUTHOR,FILENAME,DATEEXECUTED,ORDEREXECUTED,EXECTYPE,MD5SUM,DESCRIPTION,COMMENTS,TAG,LIQUIBASE,CONTEXTS,LABELS,DEPLOYMENT_ID) values ('00000000000000','jhipster','config/liquibase/changelog/00000000000000_initial_schema.xml',to_timestamp('26-FEB-20 15:50:22,687000000','DD-MON-RR HH24:MI:SSXFF'),'1','EXECUTED','7:a6235f40597a13436aa36c6d61db2269','createSequence sequenceName=hibernate_sequence',null,null,'3.5.4',null,null,'2728622653');
Insert into RADICE.DATABASECHANGELOG (ID,AUTHOR,FILENAME,DATEEXECUTED,ORDEREXECUTED,EXECTYPE,MD5SUM,DESCRIPTION,COMMENTS,TAG,LIQUIBASE,CONTEXTS,LABELS,DEPLOYMENT_ID) values ('00000000000001','jhipster','config/liquibase/changelog/00000000000000_initial_schema.xml',to_timestamp('26-FEB-20 15:50:22,956000000','DD-MON-RR HH24:MI:SSXFF'),'2','EXECUTED','7:4975c82ff7e68304c1413d8ec0dc9bd9','createTable tableName=jhi_user; createTable tableName=jhi_authority; createTable tableName=jhi_user_authority; addPrimaryKey tableName=jhi_user_authority; addForeignKeyConstraint baseTableName=jhi_user_authority, constraintName=fk_authority_name, ...',null,null,'3.5.4',null,null,'2728622653');
REM INSERTING into RADICE.DATABASECHANGELOGLOCK
SET DEFINE OFF;
Insert into RADICE.DATABASECHANGELOGLOCK (ID,LOCKED,LOCKGRANTED,LOCKEDBY) values ('1','0',null,null);
REM INSERTING into RADICE.JHI_AUTHORITY
SET DEFINE OFF;
Insert into RADICE.JHI_AUTHORITY (NAME) values ('ROLE_ADMIN');
Insert into RADICE.JHI_AUTHORITY (NAME) values ('ROLE_USER');
REM INSERTING into RADICE.JHI_PERSISTENT_AUDIT_EVENT
SET DEFINE OFF;
Insert into RADICE.JHI_PERSISTENT_AUDIT_EVENT (EVENT_ID,PRINCIPAL,EVENT_DATE,EVENT_TYPE) values ('951','admin',to_timestamp('26-FEB-20 16:38:16,769000000','DD-MON-RR HH24:MI:SSXFF'),'AUTHENTICATION_SUCCESS');
Insert into RADICE.JHI_PERSISTENT_AUDIT_EVENT (EVENT_ID,PRINCIPAL,EVENT_DATE,EVENT_TYPE) values ('952','admin',to_timestamp('26-FEB-20 16:38:17,495000000','DD-MON-RR HH24:MI:SSXFF'),'AUTHENTICATION_SUCCESS');
Insert into RADICE.JHI_PERSISTENT_AUDIT_EVENT (EVENT_ID,PRINCIPAL,EVENT_DATE,EVENT_TYPE) values ('953','admin',to_timestamp('26-FEB-20 16:38:17,646000000','DD-MON-RR HH24:MI:SSXFF'),'AUTHENTICATION_SUCCESS');
Insert into RADICE.JHI_PERSISTENT_AUDIT_EVENT (EVENT_ID,PRINCIPAL,EVENT_DATE,EVENT_TYPE) values ('954','admin',to_timestamp('26-FEB-20 16:44:24,905000000','DD-MON-RR HH24:MI:SSXFF'),'AUTHENTICATION_SUCCESS');
Insert into RADICE.JHI_PERSISTENT_AUDIT_EVENT (EVENT_ID,PRINCIPAL,EVENT_DATE,EVENT_TYPE) values ('955','admin',to_timestamp('26-FEB-20 16:55:00,205000000','DD-MON-RR HH24:MI:SSXFF'),'AUTHENTICATION_SUCCESS');
Insert into RADICE.JHI_PERSISTENT_AUDIT_EVENT (EVENT_ID,PRINCIPAL,EVENT_DATE,EVENT_TYPE) values ('956','admin',to_timestamp('26-FEB-20 16:56:27,685000000','DD-MON-RR HH24:MI:SSXFF'),'AUTHENTICATION_SUCCESS');
Insert into RADICE.JHI_PERSISTENT_AUDIT_EVENT (EVENT_ID,PRINCIPAL,EVENT_DATE,EVENT_TYPE) values ('957','admin',to_timestamp('26-FEB-20 17:16:16,916000000','DD-MON-RR HH24:MI:SSXFF'),'AUTHENTICATION_SUCCESS');
Insert into RADICE.JHI_PERSISTENT_AUDIT_EVENT (EVENT_ID,PRINCIPAL,EVENT_DATE,EVENT_TYPE) values ('958','admin',to_timestamp('26-FEB-20 17:16:17,328000000','DD-MON-RR HH24:MI:SSXFF'),'AUTHENTICATION_SUCCESS');
Insert into RADICE.JHI_PERSISTENT_AUDIT_EVENT (EVENT_ID,PRINCIPAL,EVENT_DATE,EVENT_TYPE) values ('959','admin',to_timestamp('26-FEB-20 17:16:17,335000000','DD-MON-RR HH24:MI:SSXFF'),'AUTHENTICATION_SUCCESS');
Insert into RADICE.JHI_PERSISTENT_AUDIT_EVENT (EVENT_ID,PRINCIPAL,EVENT_DATE,EVENT_TYPE) values ('960','admin',to_timestamp('26-FEB-20 17:16:40,128000000','DD-MON-RR HH24:MI:SSXFF'),'AUTHENTICATION_SUCCESS');
Insert into RADICE.JHI_PERSISTENT_AUDIT_EVENT (EVENT_ID,PRINCIPAL,EVENT_DATE,EVENT_TYPE) values ('961','admin',to_timestamp('26-FEB-20 17:17:15,501000000','DD-MON-RR HH24:MI:SSXFF'),'AUTHENTICATION_SUCCESS');
Insert into RADICE.JHI_PERSISTENT_AUDIT_EVENT (EVENT_ID,PRINCIPAL,EVENT_DATE,EVENT_TYPE) values ('1001','admin',to_timestamp('26-FEB-20 17:27:47,953000000','DD-MON-RR HH24:MI:SSXFF'),'AUTHENTICATION_SUCCESS');
Insert into RADICE.JHI_PERSISTENT_AUDIT_EVENT (EVENT_ID,PRINCIPAL,EVENT_DATE,EVENT_TYPE) values ('1002','admin',to_timestamp('26-FEB-20 17:32:36,029000000','DD-MON-RR HH24:MI:SSXFF'),'AUTHENTICATION_SUCCESS');
Insert into RADICE.JHI_PERSISTENT_AUDIT_EVENT (EVENT_ID,PRINCIPAL,EVENT_DATE,EVENT_TYPE) values ('1003','admin',to_timestamp('26-FEB-20 17:50:06,997000000','DD-MON-RR HH24:MI:SSXFF'),'AUTHENTICATION_SUCCESS');
Insert into RADICE.JHI_PERSISTENT_AUDIT_EVENT (EVENT_ID,PRINCIPAL,EVENT_DATE,EVENT_TYPE) values ('1004','admin',to_timestamp('26-FEB-20 17:50:50,237000000','DD-MON-RR HH24:MI:SSXFF'),'AUTHENTICATION_SUCCESS');
Insert into RADICE.JHI_PERSISTENT_AUDIT_EVENT (EVENT_ID,PRINCIPAL,EVENT_DATE,EVENT_TYPE) values ('1005','admin',to_timestamp('26-FEB-20 17:51:17,696000000','DD-MON-RR HH24:MI:SSXFF'),'AUTHENTICATION_SUCCESS');
Insert into RADICE.JHI_PERSISTENT_AUDIT_EVENT (EVENT_ID,PRINCIPAL,EVENT_DATE,EVENT_TYPE) values ('1006','admin',to_timestamp('26-FEB-20 17:56:07,940000000','DD-MON-RR HH24:MI:SSXFF'),'AUTHENTICATION_SUCCESS');
Insert into RADICE.JHI_PERSISTENT_AUDIT_EVENT (EVENT_ID,PRINCIPAL,EVENT_DATE,EVENT_TYPE) values ('1007','admin',to_timestamp('26-FEB-20 17:57:21,206000000','DD-MON-RR HH24:MI:SSXFF'),'AUTHENTICATION_SUCCESS');
Insert into RADICE.JHI_PERSISTENT_AUDIT_EVENT (EVENT_ID,PRINCIPAL,EVENT_DATE,EVENT_TYPE) values ('1008','admin',to_timestamp('26-FEB-20 18:02:28,665000000','DD-MON-RR HH24:MI:SSXFF'),'AUTHENTICATION_SUCCESS');
Insert into RADICE.JHI_PERSISTENT_AUDIT_EVENT (EVENT_ID,PRINCIPAL,EVENT_DATE,EVENT_TYPE) values ('1009','ciao',to_timestamp('26-FEB-20 18:02:44,896000000','DD-MON-RR HH24:MI:SSXFF'),'AUTHENTICATION_FAILURE');
Insert into RADICE.JHI_PERSISTENT_AUDIT_EVENT (EVENT_ID,PRINCIPAL,EVENT_DATE,EVENT_TYPE) values ('1010','ciao',to_timestamp('26-FEB-20 18:02:45,681000000','DD-MON-RR HH24:MI:SSXFF'),'AUTHENTICATION_FAILURE');
Insert into RADICE.JHI_PERSISTENT_AUDIT_EVENT (EVENT_ID,PRINCIPAL,EVENT_DATE,EVENT_TYPE) values ('1011','ciao',to_timestamp('26-FEB-20 18:02:45,838000000','DD-MON-RR HH24:MI:SSXFF'),'AUTHENTICATION_FAILURE');
Insert into RADICE.JHI_PERSISTENT_AUDIT_EVENT (EVENT_ID,PRINCIPAL,EVENT_DATE,EVENT_TYPE) values ('1012','ciao',to_timestamp('26-FEB-20 18:02:46,843000000','DD-MON-RR HH24:MI:SSXFF'),'AUTHENTICATION_FAILURE');
Insert into RADICE.JHI_PERSISTENT_AUDIT_EVENT (EVENT_ID,PRINCIPAL,EVENT_DATE,EVENT_TYPE) values ('1013','ciao',to_timestamp('26-FEB-20 18:02:47,012000000','DD-MON-RR HH24:MI:SSXFF'),'AUTHENTICATION_FAILURE');
Insert into RADICE.JHI_PERSISTENT_AUDIT_EVENT (EVENT_ID,PRINCIPAL,EVENT_DATE,EVENT_TYPE) values ('1951','admin',to_timestamp('27-FEB-20 09:15:56,522000000','DD-MON-RR HH24:MI:SSXFF'),'AUTHENTICATION_SUCCESS');
Insert into RADICE.JHI_PERSISTENT_AUDIT_EVENT (EVENT_ID,PRINCIPAL,EVENT_DATE,EVENT_TYPE) values ('1952','admin',to_timestamp('27-FEB-20 09:15:59,041000000','DD-MON-RR HH24:MI:SSXFF'),'AUTHENTICATION_SUCCESS');
Insert into RADICE.JHI_PERSISTENT_AUDIT_EVENT (EVENT_ID,PRINCIPAL,EVENT_DATE,EVENT_TYPE) values ('1953','admin',to_timestamp('27-FEB-20 09:15:59,046000000','DD-MON-RR HH24:MI:SSXFF'),'AUTHENTICATION_SUCCESS');
Insert into RADICE.JHI_PERSISTENT_AUDIT_EVENT (EVENT_ID,PRINCIPAL,EVENT_DATE,EVENT_TYPE) values ('1954','admin',to_timestamp('27-FEB-20 09:20:03,493000000','DD-MON-RR HH24:MI:SSXFF'),'AUTHENTICATION_FAILURE');
Insert into RADICE.JHI_PERSISTENT_AUDIT_EVENT (EVENT_ID,PRINCIPAL,EVENT_DATE,EVENT_TYPE) values ('1955','admin',to_timestamp('27-FEB-20 09:20:33,572000000','DD-MON-RR HH24:MI:SSXFF'),'AUTHENTICATION_FAILURE');
Insert into RADICE.JHI_PERSISTENT_AUDIT_EVENT (EVENT_ID,PRINCIPAL,EVENT_DATE,EVENT_TYPE) values ('1956','admin',to_timestamp('27-FEB-20 09:20:34,188000000','DD-MON-RR HH24:MI:SSXFF'),'AUTHENTICATION_FAILURE');
Insert into RADICE.JHI_PERSISTENT_AUDIT_EVENT (EVENT_ID,PRINCIPAL,EVENT_DATE,EVENT_TYPE) values ('1957','admin',to_timestamp('27-FEB-20 09:23:28,982000000','DD-MON-RR HH24:MI:SSXFF'),'AUTHENTICATION_FAILURE');
Insert into RADICE.JHI_PERSISTENT_AUDIT_EVENT (EVENT_ID,PRINCIPAL,EVENT_DATE,EVENT_TYPE) values ('1958','admin',to_timestamp('27-FEB-20 09:28:57,451000000','DD-MON-RR HH24:MI:SSXFF'),'AUTHENTICATION_SUCCESS');
Insert into RADICE.JHI_PERSISTENT_AUDIT_EVENT (EVENT_ID,PRINCIPAL,EVENT_DATE,EVENT_TYPE) values ('1959','admin',to_timestamp('27-FEB-20 09:45:08,381000000','DD-MON-RR HH24:MI:SSXFF'),'AUTHENTICATION_SUCCESS');
Insert into RADICE.JHI_PERSISTENT_AUDIT_EVENT (EVENT_ID,PRINCIPAL,EVENT_DATE,EVENT_TYPE) values ('1960','admin',to_timestamp('27-FEB-20 09:56:48,955000000','DD-MON-RR HH24:MI:SSXFF'),'AUTHENTICATION_SUCCESS');
Insert into RADICE.JHI_PERSISTENT_AUDIT_EVENT (EVENT_ID,PRINCIPAL,EVENT_DATE,EVENT_TYPE) values ('1961','admin',to_timestamp('27-FEB-20 10:01:43,824000000','DD-MON-RR HH24:MI:SSXFF'),'AUTHENTICATION_SUCCESS');
Insert into RADICE.JHI_PERSISTENT_AUDIT_EVENT (EVENT_ID,PRINCIPAL,EVENT_DATE,EVENT_TYPE) values ('1962','admin',to_timestamp('27-FEB-20 10:03:05,926000000','DD-MON-RR HH24:MI:SSXFF'),'AUTHENTICATION_SUCCESS');
Insert into RADICE.JHI_PERSISTENT_AUDIT_EVENT (EVENT_ID,PRINCIPAL,EVENT_DATE,EVENT_TYPE) values ('1963','admin',to_timestamp('27-FEB-20 10:03:47,391000000','DD-MON-RR HH24:MI:SSXFF'),'AUTHENTICATION_SUCCESS');
Insert into RADICE.JHI_PERSISTENT_AUDIT_EVENT (EVENT_ID,PRINCIPAL,EVENT_DATE,EVENT_TYPE) values ('1964','admin',to_timestamp('27-FEB-20 10:04:50,115000000','DD-MON-RR HH24:MI:SSXFF'),'AUTHENTICATION_SUCCESS');
Insert into RADICE.JHI_PERSISTENT_AUDIT_EVENT (EVENT_ID,PRINCIPAL,EVENT_DATE,EVENT_TYPE) values ('1965','admin',to_timestamp('27-FEB-20 10:55:21,094000000','DD-MON-RR HH24:MI:SSXFF'),'AUTHENTICATION_SUCCESS');
REM INSERTING into RADICE.JHI_PERSISTENT_AUDIT_EVT_DATA
SET DEFINE OFF;
Insert into RADICE.JHI_PERSISTENT_AUDIT_EVT_DATA (EVENT_ID,NAME,VALUE) values ('1009','type','org.springframework.security.authentication.BadCredentialsException');
Insert into RADICE.JHI_PERSISTENT_AUDIT_EVT_DATA (EVENT_ID,NAME,VALUE) values ('1009','message','Bad credentials');
Insert into RADICE.JHI_PERSISTENT_AUDIT_EVT_DATA (EVENT_ID,NAME,VALUE) values ('1010','type','org.springframework.security.authentication.BadCredentialsException');
Insert into RADICE.JHI_PERSISTENT_AUDIT_EVT_DATA (EVENT_ID,NAME,VALUE) values ('1010','message','Bad credentials');
Insert into RADICE.JHI_PERSISTENT_AUDIT_EVT_DATA (EVENT_ID,NAME,VALUE) values ('1011','type','org.springframework.security.authentication.BadCredentialsException');
Insert into RADICE.JHI_PERSISTENT_AUDIT_EVT_DATA (EVENT_ID,NAME,VALUE) values ('1011','message','Bad credentials');
Insert into RADICE.JHI_PERSISTENT_AUDIT_EVT_DATA (EVENT_ID,NAME,VALUE) values ('1012','type','org.springframework.security.authentication.BadCredentialsException');
Insert into RADICE.JHI_PERSISTENT_AUDIT_EVT_DATA (EVENT_ID,NAME,VALUE) values ('1012','message','Bad credentials');
Insert into RADICE.JHI_PERSISTENT_AUDIT_EVT_DATA (EVENT_ID,NAME,VALUE) values ('1013','type','org.springframework.security.authentication.BadCredentialsException');
Insert into RADICE.JHI_PERSISTENT_AUDIT_EVT_DATA (EVENT_ID,NAME,VALUE) values ('1013','message','Bad credentials');
Insert into RADICE.JHI_PERSISTENT_AUDIT_EVT_DATA (EVENT_ID,NAME,VALUE) values ('1954','type','org.springframework.security.authentication.BadCredentialsException');
Insert into RADICE.JHI_PERSISTENT_AUDIT_EVT_DATA (EVENT_ID,NAME,VALUE) values ('1954','message','Bad credentials');
Insert into RADICE.JHI_PERSISTENT_AUDIT_EVT_DATA (EVENT_ID,NAME,VALUE) values ('1955','type','org.springframework.security.authentication.BadCredentialsException');
Insert into RADICE.JHI_PERSISTENT_AUDIT_EVT_DATA (EVENT_ID,NAME,VALUE) values ('1955','message','Bad credentials');
Insert into RADICE.JHI_PERSISTENT_AUDIT_EVT_DATA (EVENT_ID,NAME,VALUE) values ('1956','type','org.springframework.security.authentication.BadCredentialsException');
Insert into RADICE.JHI_PERSISTENT_AUDIT_EVT_DATA (EVENT_ID,NAME,VALUE) values ('1956','message','Bad credentials');
Insert into RADICE.JHI_PERSISTENT_AUDIT_EVT_DATA (EVENT_ID,NAME,VALUE) values ('1957','type','org.springframework.security.authentication.BadCredentialsException');
Insert into RADICE.JHI_PERSISTENT_AUDIT_EVT_DATA (EVENT_ID,NAME,VALUE) values ('1957','message','Bad credentials');
REM INSERTING into RADICE.JHI_USER
SET DEFINE OFF;
Insert into RADICE.JHI_USER (ID,LOGIN,PASSWORD_HASH,FIRST_NAME,LAST_NAME,EMAIL,IMAGE_URL,ACTIVATED,LANG_KEY,ACTIVATION_KEY,RESET_KEY,CREATED_BY,CREATED_DATE,RESET_DATE,LAST_MODIFIED_BY,LAST_MODIFIED_DATE) values ('1','system','$2a$10$mE.qmcV0mFU5NcKh73TZx.z4ueI/.bDWbj0T1BYyqP481kGGarKLG','System','System','system@localhost',null,'1','en',null,null,'system',to_timestamp('26-FEB-20 15:50:22,000000000','DD-MON-RR HH24:MI:SSXFF'),null,'system',null);
Insert into RADICE.JHI_USER (ID,LOGIN,PASSWORD_HASH,FIRST_NAME,LAST_NAME,EMAIL,IMAGE_URL,ACTIVATED,LANG_KEY,ACTIVATION_KEY,RESET_KEY,CREATED_BY,CREATED_DATE,RESET_DATE,LAST_MODIFIED_BY,LAST_MODIFIED_DATE) values ('2','anonymoususer','$2a$10$j8S5d7Sr7.8VTOYNviDPOeWX8KcYILUVJBsYV83Y5NtECayypx9lO','Anonymous','User','anonymous@localhost',null,'1','en',null,null,'system',to_timestamp('26-FEB-20 15:50:22,000000000','DD-MON-RR HH24:MI:SSXFF'),null,'system',null);
Insert into RADICE.JHI_USER (ID,LOGIN,PASSWORD_HASH,FIRST_NAME,LAST_NAME,EMAIL,IMAGE_URL,ACTIVATED,LANG_KEY,ACTIVATION_KEY,RESET_KEY,CREATED_BY,CREATED_DATE,RESET_DATE,LAST_MODIFIED_BY,LAST_MODIFIED_DATE) values ('3','admin','$2a$10$gSAhZrxMllrbgj/kkK9UceBPpChGWJA7SYIb1Mqo.n5aNLq1/oRrC','Administrator','Administrator','admin@localhost',null,'1','en',null,null,'system',to_timestamp('26-FEB-20 15:50:22,000000000','DD-MON-RR HH24:MI:SSXFF'),null,'system',null);
Insert into RADICE.JHI_USER (ID,LOGIN,PASSWORD_HASH,FIRST_NAME,LAST_NAME,EMAIL,IMAGE_URL,ACTIVATED,LANG_KEY,ACTIVATION_KEY,RESET_KEY,CREATED_BY,CREATED_DATE,RESET_DATE,LAST_MODIFIED_BY,LAST_MODIFIED_DATE) values ('4','user','$2a$10$VEjxo0jq2YG9Rbk2HmX9S.k1uZBGYUHdUcid3g/vfiEl7lwWgOH/K','User','User','user@localhost',null,'1','en',null,null,'system',to_timestamp('26-FEB-20 15:50:22,000000000','DD-MON-RR HH24:MI:SSXFF'),null,'system',null);
REM INSERTING into RADICE.JHI_USER_AUTHORITY
SET DEFINE OFF;
Insert into RADICE.JHI_USER_AUTHORITY (USER_ID,AUTHORITY_NAME) values ('1','ROLE_ADMIN');
Insert into RADICE.JHI_USER_AUTHORITY (USER_ID,AUTHORITY_NAME) values ('1','ROLE_USER');
Insert into RADICE.JHI_USER_AUTHORITY (USER_ID,AUTHORITY_NAME) values ('3','ROLE_ADMIN');
Insert into RADICE.JHI_USER_AUTHORITY (USER_ID,AUTHORITY_NAME) values ('4','ROLE_USER');
